Address,,City,State,Zip
303 Brown St,,Hutto,TX,78634
106 Bubbling Brook Dr,,Hutto,TX,78634
124 Paige Bnd,,Hutto,TX,78634
118 Estate Cv,,Hutto,TX,78634
232 Tolcarne Dr,,Hutto,TX,78634
1210 Rhonda Cv,,Hutto,TX,78634
128 Wegstrom St,,Hutto,TX,78634
2016 S Ash Cv,,Hutto,TX,78634
305 Saul St,,Hutto,TX,78634
103 Sylvan St,,Hutto,TX,78634
"301 AVOCET DR,",,buda,TX,78610
303 AVOCET DR,,buda,TX,78610
"305 AVOCET DR,",,buda,TX,78610
307 AVOCET DR,,buda,TX,78610
"310 AVOCET DR,",,buda,TX,78610
311 AVOCET DR,,buda,TX,78610
